Question,Opt1,Opt2,Opt3,Opt4,CorrectIndex,Justification
ما هو العنصر الكيميائي الذي رمزه 'H'؟ (سؤال رقم 251),الحديد,الذهب,النيتروجين,الأكسجين,4,الرمز 'O' يشير إلى الأكسجين.
ما هو أسرع حيوان بحري؟ (سؤال رقم 252),الصوت,النيوترونات,الكهرباء,الضوء,4,سرعة الضوء هي أسرع سرعة معروفة في الكون.
ما هو اسم أكبر عظمة في جسم الإنسان؟ (سؤال رقم 253),عظمة الفخذ,عظمة الركاب,عظمة الترقوة,عظمة الزند,2,عظمة الركاب في الأذن الوسطى هي الأصغر.
ما هو الرقم الهيدروجيني (pH) لعصير الليمون؟ (سؤال رقم 254),14,0,5.5,7,4,الماء النقي متعادل وله pH يساوي 7.
ما هو العنصر غير المعدني السائل الوحيد في درجة الحرارة العادية؟ (سؤال رقم 255),البروم,الزئبق,البوتاسيوم,الصوديوم,2,الزئبق هو المعدن الوحيد السائل في الظروف العادية.
ما هو اسم العملية التي تحول فيها السكر إلى طاقة في الخلايا؟ (سؤال رقم 256),التبخر,التمثيل الضوئي,التنفس الخلوي,التحلل,2,التمثيل الضوئي هو عملية إنتاج الغذاء في النباتات.
ما هو ثاني أكثر الغازات وفرة في الغلاف الجوي للأرض؟ (سؤال رقم 257),الأرغون,الأكسجين,ثاني أكسيد الكربون,النيتروجين,4,النيتروجين يشكل حوالي 78% من الغلاف الجوي.
ما هو اسم القوة التي تجعل الأجسام تسقط نحو الأرض؟,القوة النووية,قوة الجاذبية,قوة الطرد المركزي,القوة المغناطيسية,2,قوة الجاذبية هي المسؤولة عن سقوط الأجسام.
ما هو اسم الوحدة الأساسية للحياة في الكائنات الحية؟,النسيج,الذرة,الخلية,الجزيء,3,الخلية هي الوحدة الأساسية والوظيفية للكائنات الحية.
ما هو اسم الكوكب الذي يطلق عليه الكوكب الأحمر؟,زحل,المريخ,الزهرة,المشتري,2,المريخ يطلق عليه الكوكب الأحمر بسبب أكسيد الحديد على سطحه.
ما هو اسم العالم الذي اكتشف قانون الجاذبية؟,غاليليو غاليلي,نيكولا تسلا,إسحاق نيوتن,ألبرت أينشتاين,3,إسحاق نيوتن هو مكتشف قانون الجاذبية.
ما هو اسم الجزء المسؤول عن الذاكرة والتفكير في الدماغ؟,النخاع المستطيل,جذع الدماغ,المخ,المخيخ,3,المخ هو الجزء الأكبر والمسؤول عن الوظائف العليا كالتفكير والذاكرة.
ما هو اسم العملية التي يتحول فيها السائل إلى غاز؟,الانصهار,التكثف,التبخر,التجمد,3,التبخر هو تحول المادة من الحالة السائلة إلى الغازية.
ما هو اسم الغاز الذي تستخدمه النباتات في عملية التمثيل الضوئي؟,ثاني أكسيد الكربون,النيتروجين,الأكسجين,الهيدروجين,1,ثاني أكسيد الكربون هو الغاز الذي تمتصه النباتات.
ما هو اسم أصغر جسيم في المادة يحتفظ بخصائصها الكيميائية؟,النيوترون,الذرة,الإلكترون,البروتون,2,الذرة هي أصغر وحدة للمادة.
ما هو اسم الوحدة التي تقاس بها شدة التيار الكهربائي؟,الفولت,الأوم,الأمبير,الواط,3,الأمبير هو وحدة قياس شدة التيار الكهربائي.
ما هو اسم العالم الذي وضع نظرية النسبية؟,ألبرت أينشتاين,نيلز بور,ماكس بلانك,إسحاق نيوتن,1,ألبرت أينشتاين هو صاحب نظرية النسبية.
ما هو اسم العضو الذي يضخ الدم في جسم الإنسان؟,الرئة,القلب,الكلى,الكبد,2,القلب هو العضو المسؤول عن ضخ الدم.
ما هو اسم العملية التي يتم فيها تفتيت الصخور إلى جزيئات أصغر؟,الترسيب,التعرية,التحول,التجوية,4,التجوية هي عملية تفتيت الصخور.
ما هو اسم الكوكب الأبعد عن الشمس في المجموعة الشمسية؟,زحل,المشتري,أورانوس,نبتون,4,نبتون هو الكوكب الأبعد عن الشمس.
ما هو اسم العالم الذي اكتشف البنسلين؟,لويس باستور,جيمس واتسون,ألكسندر فليمنج,روبرت كوخ,3,ألكسندر فليمنج هو مكتشف البنسلين.
ما هو اسم الفيتامين الذي يتم الحصول عليه من أشعة الشمس؟,فيتامين ب,فيتامين ج,فيتامين د,فيتامين أ,3,فيتامين د يتم تصنيعه في الجلد عند التعرض لأشعة الشمس.
ما هو اسم العالم الذي اكتشف الإلكترون؟,نيلز بور,جيمس تشادويك,إرنست رذرفورد,جوزيف جون طومسون,4,جوزيف جون طومسون هو مكتشف الإلكترون.
ما هو اسم العالم الذي اكتشف قانون حفظ الكتلة؟,ديميتري مندليف,أنطوان لافوازييه,روبرت بويل,جون دالتون,2,أنطوان لافوازييه هو مكتشف قانون حفظ الكتلة.
ما هو اسم العالم الذي اكتشف قانون المقاومة الكهربائية (قانون أوم)؟,جيمس كليرك ماكسويل,أليساندرو فولتا,مايكل فاراداي,جورج سيمون أوم,4,جورج سيمون أوم هو مكتشف قانون أوم.
ما هو اسم العالم الذي اكتشف قانون الوراثة (مندل)؟,غريغور مندل,تشارلز داروين,لويس باستور,جيمس واتسون,1,غريغور مندل هو مؤسس علم الوراثة.
ما هو اسم العالم الذي اكتشف الدورة الدموية الكبرى؟,أبو بكر الرازي,ابن النفيس,جالينوس,ويليام هارفي,4,ويليام هارفي هو مكتشف الدورة الدموية الكبرى.
ما هو اسم العالم الذي اكتشف قانون الطفو (أرخميدس)؟,أرخميدس,إقليدس,بطليموس,فيثاغورس,1,أرخميدس هو مكتشف قانون الطفو.
ما هو اسم العالم الذي اكتشف البكتيريا؟,إدوارد جينر,لويس باستور,أنطوني فان ليفينهوك,روبرت كوخ,3,أنطوني فان ليفينهوك هو أول من شاهد ووصف البكتيريا.
ما هو اسم العالم الذي اكتشف قانون حفظ الطاقة؟,جيمس بريسكوت جول,ألبرت أينشتاين,ماكس بلانك,إسحاق نيوتن,1,جيمس بريسكوت جول هو أحد العلماء الرئيسيين في صياغة قانون حفظ الطاقة.
من هو مؤلف رواية 'الجريمة والعقاب'؟ (سؤال رقم 281),فيودور دوستويفسكي,ليو تولستوي,أنطون تشيخوف,إيفان تورغينيف,2,ليو تولستوي هو الكاتب الروسي الذي ألف الرواية.
من هو الشاعر الذي لقب بشاعر النيل؟ (سؤال رقم 282),أبو العلاء المعري,أحمد شوقي,نزار قباني,المتنبي,2,أحمد شوقي هو الشاعر المصري الذي لقب بأمير الشعراء.
ما هو اسم اللوحة الشهيرة التي رسمها إدوارد مونك؟ (سؤال رقم 283),العشاء الأخير,الموناليزا,الفتاة ذات القرط اللؤلؤي,خلق آدم,2,الموناليزا هي اللوحة الشهيرة لدافنشي.
من هو مؤلف كتاب 'الأمير'؟,أرسطو,أفلاطون,ابن خلدون,ميكافيلي,4,ميكافيلي هو مؤلف كتاب 'الأمير'.
ما هو اسم المسرحية التي كتبها شكسبير وتدور أحداثها في الدنمارك؟,ماكبث,عطيل,هاملت,روميو وجولييت,3,مسرحية هاملت تدور أحداثها في الدنمارك.
من هو الفنان الذي قطع أذنه بنفسه؟,فنسنت فان جوخ,سلفادور دالي,كلود مونيه,بابلو بيكاسو,1,فنسنت فان جوخ هو الفنان الذي قطع جزءاً من أذنه.
ما هو اسم الرواية التي كتبها نجيب محفوظ وفاز عنها بجائزة نوبل؟,اللص والكلاب,زقاق المدق,أولاد حارتنا,الثلاثية,4,الثلاثية هي العمل الذي كان له دور كبير في فوزه بنوبل.
ما هو اسم الآلة الموسيقية التي يطلق عليها 'ملك الآلات'؟,القيثارة,البيانو,الكمان,الساكسفون,2,البيانو يطلق عليه 'ملك الآلات'.
من هو مؤلف كتاب 'كليلة ودمنة'؟,المتنبي,ابن المقفع,أبو حيان التوحيدي,الجاحظ,2,ابن المقفع هو الذي ترجم كتاب 'كليلة ودمنة' من الفارسية.
ما هو اسم الملحن النمساوي الشهير الذي كان أصم؟,شوبان,بيتهوفن,باخ,موزارت,2,لودفيج فان بيتهوفن كان أصم في أواخر حياته.
ما هو اسم الشاعر الجاهلي الذي اشتهر بالمعلقات؟,امرؤ القيس,أبو تمام,أبو العتاهية,البحتري,1,امرؤ القيس هو أحد أشهر شعراء المعلقات.
ما هو اسم الرسام الإسباني الذي اشتهر بالأسلوب السريالي؟,سلفادور دالي,إل غريكو,فرانسيسكو غويا,بابلو بيكاسو,1,سلفادور دالي هو أحد أبرز فناني السريالية.
ما هو اسم الكتاب الذي يعتبر أقدم عمل أدبي معروف؟,ملحمة جلجامش,الكوميديا الإلهية,الأوديسة,الإلياذة,1,ملحمة جلجامش هي أقدم عمل أدبي عظيم معروف.
ما هو اسم الشاعر العربي الذي قال: 'إذا الشعب يوماً أراد الحياة فلا بد أن يستجيب القدر'؟,إيليا أبو ماضي,جبران خليل جبران,محمود درويش,أبو القاسم الشابي,4,أبو القاسم الشابي هو صاحب هذا البيت الشهير.
ما هو اسم المدرسة الفنية التي تعتمد على الأشكال الهندسية؟,الانطباعية,التكعيبية,التعبيرية,الواقعية,2,التكعيبية تعتمد على تحليل الأشكال إلى مكعبات وأشكال هندسية.
من هو مؤلف رواية 'مائة عام من العزلة'؟,إيزابيل الليندي,ماريو فارغاس يوسا,غابرييل غارسيا ماركيز,خورخي لويس بورخيس,3,غابرييل غارسيا ماركيز هو مؤلف الرواية.
ما هو اسم الشاعر الذي كتب 'رسالة الغفران'؟,المتنبي,جبران خليل جبران,أبو العلاء المعري,أحمد شوقي,3,أبو العلاء المعري هو مؤلف 'رسالة الغفران'.
ما هو اسم أول صحيفة عربية صدرت؟,الوقائع المصرية,القبس,الرأي,الأهرام,1,الوقائع المصرية هي أول صحيفة عربية صدرت.
ما هو اسم العاصمة التي كانت تسمى القسطنطينية؟,روما,إسطنبول,أنقرة,أثينا,2,إسطنبول كانت تسمى القسطنطينية.
ما هو اسم الفيلسوف اليوناني الذي كان أستاذاً للإسكندر الأكبر؟,فيثاغورس,سقراط,أفلاطون,أرسطو,4,أرسطو كان أستاذاً للإسكندر الأكبر.
